{"assets":[{"id":"comp_0","layers":[{"ddd":0,"ind":0,"ty":0,"nm":"L","refId":"comp_1","ks":{"o":{"k":100},"r":{"k":0},"p":{"s":true,"x":{"k":[{"i":{"x":[0.667],"y":[0.76]},"o":{"x":[0.333],"y":[0]},"n":["0p667_0p76_0p333_0"],"t":34,"s":[463.264],"e":[309.966]},{"i":{"x":[0.67],"y":[0.545]},"o":{"x":[0.333],"y":[-0.272]},"n":["0p67_0p545_0p333_-0p272"],"t":79,"s":[309.966],"e":[436.144]},{"i":{"x":[0.662],"y":[0.261]},"o":{"x":[0.329],"y":[-0.644]},"n":["0p662_0p261_0p329_-0p644"],"t":121,"s":[436.144],"e":[326.126]},{"i":{"x":[0.698],"y":[1]},"o":{"x":[0.352],"y":[0.281]},"n":["0p698_1_0p352_0p281"],"t":173,"s":[326.126],"e":[222.264]},{"i":{"x":[0.667],"y":[1]},"o":{"x":[0.333],"y":[0]},"n":["0p667_1_0p333_0"],"t":191,"s":[222.264],"e":[485.264]},{"t":233}]},"y":{"k":[{"i":{"x":[0.833],"y":[0.833]},"o":{"x":[0.167],"y":[0.167]},"n":["0p833_0p833_0p167_0p167"],"t":34,"s":[733],"e":[606.899]},{"i":{"x":[0.833],"y":[0.833]},"o":{"x":[0.167],"y":[0.167]},"n":["0p833_0p833_0p167_0p167"],"t":79,"s":[606.899],"e":[446.935]},{"i":{"x":[0.833],"y":[0.833]},"o":{"x":[0.167],"y":[0.167]},"n":["0p833_0p833_0p167_0p167"],"t":121,"s":[446.935],"e":[258.94]},{"i":{"x":[0.833],"y":[0.833]},"o":{"x":[0.167],"y":[0.167]},"n":["0p833_0p833_0p167_0p167"],"t":173,"s":[258.94],"e":[47]},{"t":233}]}},"a":{"k":[400,50,0]},"s":{"k":[100,100,100]}},"ao":0,"w":800,"h":100,"ip":34,"op":234,"st":34,"bm":0,"sr":1},{"ddd":0,"ind":1,"ty":0,"nm":"2","refId":"comp_2","ks":{"o":{"k":100},"r":{"k":0},"p":{"s":true,"x":{"k":[{"i":{"x":[0.667],"y":[0.54]},"o":{"x":[0.333],"y":[0]},"n":["0p667_0p54_0p333_0"],"t":23,"s":[463.264],"e":[332.74]},{"i":{"x":[0.667],"y":[1]},"o":{"x":[0.333],"y":[0.943]},"n":["0p667_1_0p333_0p943"],"t":48,"s":[332.74],"e":[251.264]},{"i":{"x":[0.833],"y":[1]},"o":{"x":[0.333],"y":[0]},"n":["0p833_1_0p333_0"],"t":80,"s":[251.264],"e":[527.264]},{"i":{"x":[0.627],"y":[0.785]},"o":{"x":[0.168],"y":[0]},"n":["0p627_0p785_0p168_0"],"t":124,"s":[527.264],"e":[240.434]},{"i":{"x":[0.685],"y":[1]},"o":{"x":[0.349],"y":[0.529]},"n":["0p685_1_0p349_0p529"],"t":172,"s":[240.434],"e":[222.264]},{"i":{"x":[0.667],"y":[1]},"o":{"x":[0.333],"y":[0]},"n":["0p667_1_0p333_0"],"t":180,"s":[222.264],"e":[485.264]},{"t":222}]},"y":{"k":[{"i":{"x":[0.833],"y":[0.833]},"o":{"x":[0.167],"y":[0.167]},"n":["0p833_0p833_0p167_0p167"],"t":23,"s":[733],"e":[644.819]},{"i":{"x":[0.833],"y":[0.833]},"o":{"x":[0.167],"y":[0.167]},"n":["0p833_0p833_0p167_0p167"],"t":48,"s":[644.819],"e":[558.531]},{"i":{"x":[0.833],"y":[0.833]},"o":{"x":[0.167],"y":[0.167]},"n":["0p833_0p833_0p167_0p167"],"t":80,"s":[558.531],"e":[227.117]},{"i":{"x":[0.833],"y":[0.833]},"o":{"x":[0.167],"y":[0.167]},"n":["0p833_0p833_0p167_0p167"],"t":172,"s":[227.117],"e":[47]},{"t":222}]}},"a":{"k":[400,50,0]},"s":{"k":[100,100,100]}},"ao":0,"w":800,"h":100,"ip":23,"op":223,"st":23,"bm":0,"sr":1},{"ddd":0,"ind":2,"ty":0,"nm":"X","refId":"comp_4","ks":{"o":{"k":100},"r":{"k":0},"p":{"s":true,"x":{"k":[{"i":{"x":[0.667],"y":[0.393]},"o":{"x":[0.333],"y":[0]},"n":["0p667_0p393_0p333_0"],"t":10,"s":[463.264],"e":[328.662]},{"i":{"x":[0.667],"y":[0.591]},"o":{"x":[0.333],"y":[0.595]},"n":["0p667_0p591_0p333_0p595"],"t":46,"s":[328.662],"e":[263.831]},{"i":{"x":[0.648],"y":[-2.142]},"o":{"x":[0.304],"y":[-2.566]},"n":["0p648_-2p142_0p304_-2p566"],"t":63,"s":[263.831],"e":[271.584]},{"i":{"x":[0.827],"y":[1]},"o":{"x":[0.401],"y":[0.347]},"n":["0p827_1_0p401_0p347"],"t":77,"s":[271.584],"e":[465.264]},{"i":{"x":[0.595],"y":[0.489]},"o":{"x":[0.174],"y":[0]},"n":["0p595_0p489_0p174_0"],"t":111,"s":[465.264],"e":[315.126]},{"i":{"x":[0.698],"y":[1]},"o":{"x":[0.352],"y":[0.332]},"n":["0p698_1_0p352_0p332"],"t":152,"s":[315.126],"e":[222.264]},{"i":{"x":[0.667],"y":[1]},"o":{"x":[0.333],"y":[0]},"n":["0p667_1_0p333_0"],"t":171,"s":[222.264],"e":[485.264]},{"t":209}]},"y":{"k":[{"i":{"x":[0.833],"y":[0.833]},"o":{"x":[0.167],"y":[0.167]},"n":["0p833_0p833_0p167_0p167"],"t":10,"s":[733],"e":[608.899]},{"i":{"x":[0.833],"y":[0.833]},"o":{"x":[0.167],"y":[0.167]},"n":["0p833_0p833_0p167_0p167"],"t":46,"s":[608.899],"e":[581.296]},{"i":{"x":[0.833],"y":[0.833]},"o":{"x":[0.167],"y":[0.167]},"n":["0p833_0p833_0p167_0p167"],"t":63,"s":[581.296],"e":[528.063]},{"i":{"x":[0.833],"y":[0.833]},"o":{"x":[0.167],"y":[0.167]},"n":["0p833_0p833_0p167_0p167"],"t":77,"s":[528.063],"e":[402.153]},{"i":{"x":[0.833],"y":[0.833]},"o":{"x":[0.167],"y":[0.167]},"n":["0p833_0p833_0p167_0p167"],"t":111,"s":[402.153],"e":[260.44]},{"i":{"x":[0.833],"y":[0.833]},"o":{"x":[0.167],"y":[0.167]},"n":["0p833_0p833_0p167_0p167"],"t":152,"s":[260.44],"e":[47]},{"t":209}]}},"a":{"k":[400,50,0]},"s":{"k":[100,100,100]}},"ao":0,"w":800,"h":100,"ip":10,"op":210,"st":10,"bm":0,"sr":1},{"ddd":0,"ind":3,"ty":0,"nm":"1","refId":"comp_5","ks":{"o":{"k":100},"r":{"k":0},"p":{"s":true,"x":{"k":[{"i":{"x":[0.667],"y":[1]},"o":{"x":[0.415],"y":[-0.015]},"n":["0p667_1_0p415_-0p015"],"t":-2,"s":[390.818],"e":[463.264]},{"i":{"x":[0.667],"y":[1]},"o":{"x":[0.333],"y":[0]},"n":["0p667_1_0p333_0"],"t":2,"s":[463.264],"e":[283.264]},{"i":{"x":[0.833],"y":[1]},"o":{"x":[0.333],"y":[0]},"n":["0p833_1_0p333_0"],"t":59,"s":[283.264],"e":[451.264]},{"i":{"x":[0.667],"y":[1]},"o":{"x":[0.167],"y":[0]},"n":["0p667_1_0p167_0"],"t":103,"s":[451.264],"e":[320.264]},{"i":{"x":[0.667],"y":[1]},"o":{"x":[0.333],"y":[0]},"n":["0p667_1_0p333_0"],"t":159,"s":[320.264],"e":[485.264]},{"t":201}]},"y":{"k":[{"i":{"x":[0.833],"y":[0.833]},"o":{"x":[0.167],"y":[0.167]},"n":["0p833_0p833_0p167_0p167"],"t":2,"s":[733],"e":[548.508]},{"i":{"x":[0.833],"y":[0.833]},"o":{"x":[0.167],"y":[0.167]},"n":["0p833_0p833_0p167_0p167"],"t":59,"s":[548.508],"e":[393.111]},{"i":{"x":[0.833],"y":[0.833]},"o":{"x":[0.167],"y":[0.167]},"n":["0p833_0p833_0p167_0p167"],"t":103,"s":[393.111],"e":[193.333]},{"i":{"x":[0.833],"y":[0.833]},"o":{"x":[0.167],"y":[0.167]},"n":["0p833_0p833_0p167_0p167"],"t":159,"s":[193.333],"e":[47]},{"t":201}]}},"a":{"k":[400,50,0]},"s":{"k":[100,100,100]}},"ao":0,"w":800,"h":100,"ip":2,"op":202,"st":2,"bm":0,"sr":1}]},{"id":"comp_1","layers":[{"ddd":0,"ind":0,"ty":4,"nm":"形状图层 1","ks":{"o":{"k":100},"r":{"k":0},"p":{"k":[400,50,0]},"a":{"k":[0,0,0]},"s":{"k":[100,100,100]}},"ao":0,"shapes":[{"ty":"rc","d":1,"s":{"k":[{"i":{"x":[0.833,0.833],"y":[0.833,0.833]},"o":{"x":[0.167,0.167],"y":[0.167,0.167]},"n":["0p833_0p833_0p167_0p167","0p833_0p833_0p167_0p167"],"t":22,"s":[0,60],"e":[52.486,60]},{"i":{"x":[0.833,0.833],"y":[0.833,0.833]},"o":{"x":[0.167,0.167],"y":[0.167,0.167]},"n":["0p833_0p833_0p167_0p167","0p833_0p833_0p167_0p167"],"t":34,"s":[52.486,60],"e":[161,60]},{"i":{"x":[0.833,0.833],"y":[0.833,0.833]},"o":{"x":[0.167,0.167],"y":[0.167,0.167]},"n":["0p833_0p833_0p167_0p167","0p833_0p833_0p167_0p167"],"t":78,"s":[161,60],"e":[153.911,60]},{"i":{"x":[0.833,0.833],"y":[0.833,0.833]},"o":{"x":[0.167,0.167],"y":[0.167,0.167]},"n":["0p833_0p833_0p167_0p167","0p833_0p833_0p167_0p167"],"t":109,"s":[153.911,60],"e":[0.235,60]},{"t":139}]},"p":{"k":[0,0]},"r":{"k":0},"nm":"矩形路径 1","mn":"ADBE Vector Shape - Rect"},{"ty":"fl","fillEnabled":true,"c":{"k":[1,1,1,1]},"o":{"k":100},"nm":"填充 1","mn":"ADBE Vector Graphic - Fill"}],"ip":0,"op":200,"st":0,"bm":0,"sr":1}]},{"id":"comp_2","layers":[{"ddd":0,"ind":0,"ty":0,"nm":"S2","refId":"comp_3","ks":{"o":{"k":100},"r":{"k":0},"p":{"k":[400,50,0]},"a":{"k":[400,50,0]},"s":{"k":[100,100,100]}},"ao":0,"tm":{"k":[{"i":{"x":[0.571],"y":[1]},"o":{"x":[0.414],"y":[0]},"n":["0p571_1_0p414_0"],"t":0,"s":[0],"e":[4]},{"i":{"x":[0.571],"y":[1]},"o":{"x":[0.414],"y":[0]},"n":["0p571_1_0p414_0"],"t":100,"s":[4],"e":[8]},{"t":200}]},"w":800,"h":100,"ip":0,"op":200,"st":0,"bm":0,"sr":1}]},{"id":"comp_3","layers":[{"ddd":0,"ind":0,"ty":4,"nm":"形状图层 3","ks":{"o":{"k":100},"r":{"k":0},"p":{"k":[348.5,50,0]},"a":{"k":[0,0,0]},"s":{"k":[100,100,100]}},"ao":0,"shapes":[{"ty":"rc","d":1,"s":{"k":[{"i":{"x":[0.833,0.833],"y":[0.833,0.833]},"o":{"x":[0.167,0.167],"y":[0.167,0.167]},"n":["0p833_0p833_0p167_0p167","0p833_0p833_0p167_0p167"],"t":121,"s":[245.209,60],"e":[60,60]},{"i":{"x":[0.833,0.833],"y":[0.833,0.833]},"o":{"x":[0.167,0.167],"y":[0.167,0.167]},"n":["0p833_0p833_0p167_0p167","0p833_0p833_0p167_0p167"],"t":151,"s":[60,60],"e":[0,0]},{"t":164}]},"p":{"k":[0,0]},"r":{"k":30},"nm":"矩形路径 1","mn":"ADBE Vector Shape - Rect"},{"ty":"fl","fillEnabled":true,"c":{"k":[1,1,1,1]},"o":{"k":100},"nm":"填充 1","mn":"ADBE Vector Graphic - Fill"}],"ip":121,"op":200,"st":0,"bm":0,"sr":1},{"ddd":0,"ind":1,"ty":4,"nm":"形状图层 2","ks":{"o":{"k":100},"r":{"k":0},"p":{"k":[491.5,50,0]},"a":{"k":[0,0,0]},"s":{"k":[100,100,100]}},"ao":0,"shapes":[{"ty":"rc","d":1,"s":{"k":[{"i":{"x":[0.833,0.833],"y":[0.833,0.833]},"o":{"x":[0.167,0.167],"y":[0.167,0.167]},"n":["0p833_0p833_0p167_0p167","0p833_0p833_0p167_0p167"],"t":121,"s":[164.209,60],"e":[60,60]},{"i":{"x":[0.833,0.833],"y":[0.833,0.833]},"o":{"x":[0.167,0.167],"y":[0.167,0.167]},"n":["0p833_0p833_0p167_0p167","0p833_0p833_0p167_0p167"],"t":146,"s":[60,60],"e":[0,0]},{"t":159}]},"p":{"k":[0,0]},"r":{"k":30},"nm":"矩形路径 1","mn":"ADBE Vector Shape - Rect"},{"ty":"fl","fillEnabled":true,"c":{"k":[1,1,1,1]},"o":{"k":100},"nm":"填充 1","mn":"ADBE Vector Graphic - Fill"}],"ip":121,"op":200,"st":0,"bm":0,"sr":1},{"ddd":0,"ind":2,"ty":4,"nm":"形状图层 1","ks":{"o":{"k":100},"r":{"k":0},"p":{"k":[400,50,0]},"a":{"k":[0,0,0]},"s":{"k":[100,100,100]}},"ao":0,"shapes":[{"ty":"rc","d":1,"s":{"k":[{"i":{"x":[0.833,0.833],"y":[0.833,0.833]},"o":{"x":[0.167,0.167],"y":[0.167,0.167]},"n":["0p833_0p833_0p167_0p167","0p833_0p833_0p167_0p167"],"t":0,"s":[0,0],"e":[60,60]},{"i":{"x":[0.833,0.833],"y":[0.833,0.833]},"o":{"x":[0.167,0.167],"y":[0.167,0.167]},"n":["0p833_0p833_0p167_0p167","0p833_0p833_0p167_0p167"],"t":14,"s":[60,60],"e":[440,60]},{"i":{"x":[0.833,0.833],"y":[0.833,0.833]},"o":{"x":[0.167,0.167],"y":[0.167,0.167]},"n":["0p833_0p833_0p167_0p167","0p833_0p833_0p167_0p167"],"t":100,"s":[440,60],"e":[60,60]},{"i":{"x":[0.833,0.833],"y":[0.833,0.833]},"o":{"x":[0.167,0.167],"y":[0.167,0.167]},"n":["0p833_0p833_0p167_0p167","0p833_0p833_0p167_0p167"],"t":186,"s":[60,60],"e":[0,0]},{"t":199}]},"p":{"k":[0,0]},"r":{"k":30},"nm":"矩形路径 1","mn":"ADBE Vector Shape - Rect"},{"ty":"fl","fillEnabled":true,"c":{"k":[1,1,1,1]},"o":{"k":100},"nm":"填充 1","mn":"ADBE Vector Graphic - Fill"}],"ip":0,"op":122,"st":0,"bm":0,"sr":1}]},{"id":"comp_4","layers":[{"ddd":0,"ind":0,"ty":4,"nm":"形状图层 1","ks":{"o":{"k":100},"r":{"k":0},"p":{"k":[400,50,0]},"a":{"k":[0,0,0]},"s":{"k":[100,100,100]}},"ao":0,"shapes":[{"ty":"rc","d":1,"s":{"k":[{"i":{"x":[0.833,0.833],"y":[0.833,0.833]},"o":{"x":[0.167,0.167],"y":[0.167,0.167]},"n":["0p833_0p833_0p167_0p167","0p833_0p833_0p167_0p167"],"t":26,"s":[0,60],"e":[96.486,60]},{"i":{"x":[0.833,0.833],"y":[0.833,0.833]},"o":{"x":[0.167,0.167],"y":[0.167,0.167]},"n":["0p833_0p833_0p167_0p167","0p833_0p833_0p167_0p167"],"t":53,"s":[96.486,60],"e":[201,60]},{"i":{"x":[0.833,0.833],"y":[0.833,0.833]},"o":{"x":[0.167,0.167],"y":[0.167,0.167]},"n":["0p833_0p833_0p167_0p167","0p833_0p833_0p167_0p167"],"t":97,"s":[201,60],"e":[61.235,60]},{"i":{"x":[0.833,0.833],"y":[0.833,0.833]},"o":{"x":[0.167,0.167],"y":[0.167,0.167]},"n":["0p833_0p833_0p167_0p167","0p833_0p833_0p167_0p167"],"t":130,"s":[61.235,60],"e":[0,60]},{"t":147}]},"p":{"k":[0,0]},"r":{"k":0},"nm":"矩形路径 1","mn":"ADBE Vector Shape - Rect"},{"ty":"fl","fillEnabled":true,"c":{"k":[1,1,1,1]},"o":{"k":100},"nm":"填充 1","mn":"ADBE Vector Graphic - Fill"}],"ip":0,"op":200,"st":0,"bm":0,"sr":1}]},{"id":"comp_5","layers":[{"ddd":0,"ind":0,"ty":0,"nm":"S1","refId":"comp_6","ks":{"o":{"k":100},"r":{"k":0},"p":{"k":[400,50,0]},"a":{"k":[400,50,0]},"s":{"k":[100,100,100]}},"ao":0,"tm":{"k":[{"i":{"x":[0.571],"y":[1]},"o":{"x":[0.414],"y":[0]},"n":["0p571_1_0p414_0"],"t":0,"s":[0],"e":[4]},{"i":{"x":[0.571],"y":[1]},"o":{"x":[0.414],"y":[0]},"n":["0p571_1_0p414_0"],"t":100,"s":[4],"e":[8]},{"t":200}]},"w":800,"h":100,"ip":0,"op":200,"st":0,"bm":0,"sr":1}]},{"id":"comp_6","layers":[{"ddd":0,"ind":0,"ty":4,"nm":"形状图层 1","ks":{"o":{"k":100},"r":{"k":0},"p":{"k":[400,50,0]},"a":{"k":[0,0,0]},"s":{"k":[100,100,100]}},"ao":0,"shapes":[{"ty":"rc","d":1,"s":{"k":[{"i":{"x":[0.833,0.833],"y":[0.833,0.833]},"o":{"x":[0.167,0.167],"y":[0.167,0.167]},"n":["0p833_0p833_0p167_0p167","0p833_0p833_0p167_0p167"],"t":0,"s":[0,0],"e":[60,60]},{"i":{"x":[0.833,0.833],"y":[0.833,0.833]},"o":{"x":[0.167,0.167],"y":[0.167,0.167]},"n":["0p833_0p833_0p167_0p167","0p833_0p833_0p167_0p167"],"t":14,"s":[60,60],"e":[440,60]},{"i":{"x":[0.833,0.833],"y":[0.833,0.833]},"o":{"x":[0.167,0.167],"y":[0.167,0.167]},"n":["0p833_0p833_0p167_0p167","0p833_0p833_0p167_0p167"],"t":100,"s":[440,60],"e":[30,30]},{"i":{"x":[0.833,0.833],"y":[0.833,0.833]},"o":{"x":[0.167,0.167],"y":[0.167,0.167]},"n":["0p833_0p833_0p167_0p167","0p833_0p833_0p167_0p167"],"t":170,"s":[30,30],"e":[15,15]},{"i":{"x":[0.833,0.833],"y":[0.833,0.833]},"o":{"x":[0.167,0.167],"y":[0.167,0.167]},"n":["0p833_0p833_0p167_0p167","0p833_0p833_0p167_0p167"],"t":186,"s":[15,15],"e":[0,0]},{"t":199}]},"p":{"k":[0,0]},"r":{"k":30},"nm":"矩形路径 1","mn":"ADBE Vector Shape - Rect"},{"ty":"fl","fillEnabled":true,"c":{"k":[1,1,1,1]},"o":{"k":100},"nm":"填充 1","mn":"ADBE Vector Graphic - Fill"}],"ip":0,"op":200,"st":0,"bm":0,"sr":1}]}],"layers":[{"ddd":0,"ind":1,"ty":0,"nm":"W","refId":"comp_0","ks":{"o":{"k":100},"r":{"k":0},"p":{"k":[400,400,0]},"a":{"k":[400,400,0]},"s":{"k":[100,100,100]}},"ao":0,"w":800,"h":800,"ip":350,"op":850,"st":350,"bm":0,"sr":1},{"ddd":0,"ind":2,"ty":0,"nm":"W","refId":"comp_0","ks":{"o":{"k":100},"r":{"k":0},"p":{"k":[400,400,0]},"a":{"k":[400,400,0]},"s":{"k":[100,100,100]}},"ao":0,"w":800,"h":800,"ip":300,"op":800,"st":300,"bm":0,"sr":1},{"ddd":0,"ind":3,"ty":0,"nm":"W","refId":"comp_0","ks":{"o":{"k":100},"r":{"k":0},"p":{"k":[400,400,0]},"a":{"k":[400,400,0]},"s":{"k":[100,100,100]}},"ao":0,"w":800,"h":800,"ip":250,"op":750,"st":250,"bm":0,"sr":1},{"ddd":0,"ind":4,"ty":0,"nm":"W","refId":"comp_0","ks":{"o":{"k":100},"r":{"k":0},"p":{"k":[400,400,0]},"a":{"k":[400,400,0]},"s":{"k":[100,100,100]}},"ao":0,"w":800,"h":800,"ip":200,"op":700,"st":200,"bm":0,"sr":1},{"ddd":0,"ind":5,"ty":0,"nm":"W","refId":"comp_0","ks":{"o":{"k":100},"r":{"k":0},"p":{"k":[400,400,0]},"a":{"k":[400,400,0]},"s":{"k":[100,100,100]}},"ao":0,"w":800,"h":800,"ip":150,"op":650,"st":150,"bm":0,"sr":1},{"ddd":0,"ind":6,"ty":0,"nm":"W","refId":"comp_0","ks":{"o":{"k":100},"r":{"k":0},"p":{"k":[400,400,0]},"a":{"k":[400,400,0]},"s":{"k":[100,100,100]}},"ao":0,"w":800,"h":800,"ip":100,"op":600,"st":100,"bm":0,"sr":1},{"ddd":0,"ind":7,"ty":0,"nm":"W","refId":"comp_0","ks":{"o":{"k":100},"r":{"k":0},"p":{"k":[400,400,0]},"a":{"k":[400,400,0]},"s":{"k":[100,100,100]}},"ao":0,"w":800,"h":800,"ip":50,"op":550,"st":50,"bm":0,"sr":1},{"ddd":0,"ind":8,"ty":0,"nm":"W","refId":"comp_0","ks":{"o":{"k":100},"r":{"k":0},"p":{"k":[400,400,0]},"a":{"k":[400,400,0]},"s":{"k":[100,100,100]}},"ao":0,"w":800,"h":800,"ip":-6,"op":494,"st":-6,"bm":0,"sr":1}],"v":"4.5.3","ddd":0,"ip":300,"op":350,"fr":25,"w":800,"h":800}